uniqueId,nickname,id,chatted
caothetrung,CaoTheTrung,7131010373042717698,true
user1710199x,Nhi nÃ¨,6853264685011174401,true
l.vng533,LÃ¡ VÃ ng,7304744832860341256,true
chaoanhemnha012,Quáº£ng NgÃ£i ChÃ o báº¡n 246810,7087152810589242369,true
userphanlay,phanlay,6957242403586655237,true
uvcghhvvvjjn,ğ‘‡ğ™¤ğ™–ğ™‰ğŸ,7248630905308464134,true
nguyen.hoang2588,Nguyen Hoang,7538012737311687697,true
.l33092,Äá»§ LÃª,7355845094131827717,true
cuoihoitraucau746,cuoihoitraucau746,6724944725033468929,true
hanhngoc02,ngá»c Sophia,7134878864609723393,true
skya178,@SKY-angelğŸ¦‹ğŸ¦‹ğŸ,7508848301119144961,true
chuyenso5,So Chuyá»‡n TN 05,7403187706303742982,false
ngoctuyen060979,Ngá»c Tuyá»n,7296011225274532869,false
user3064610604939,Thienchanel,6948054977765000193,false
b.m.gi7,BÃ  MÃ¡ GiÃ ,7389299093859009542,false
user370530437,linhan2013,7270057447631422470,false
trongnguyen4383,trongnguyen88,7504176707117597703,false
sang.nguyn1772,Sang Nguyá»…n,7202817469932176410,false
hiep.suri8,Hiá»‡p suri,6869741637838636034,false
dngthanhtnh1,dngthanhtnh1,7205205998355710978,false
kimnganctdtst,NgÃ¢n HÃ ,7057754462802494466,false
user6906115518417,clau ná»™p,7498959293565502472,false
eky2927,eky,7384366001259037712,false
vanlo206,vanlo206,7102344066076066817,false
thanh.lam509,Äá»— MSA Ä‘á»•i tÃªn ğŸ€â¤ï¸,7205872816741467141,false
divinaakho1984,Delta Quebec Tango,6902939741680043010,false
casselabec974,casse la bec,7440890480428352544,false
fat0593,Fat,7265023433715500065,false
taitoilien,taitoilien,6920809320632402945,false
thohong_1976,Nguyá»…n TrÆ°á»ng Thá» 8747,7078151914991535105,false
ngoctienmog86,Nguyá»…n Ngá»c Tiáº¿n,7511869599429706770,false
nguyn.lc.hnh,Nguyá»…n Lá»™c Háº¡nh,7071617394405999617,false
trinhtrinhnguy986,â˜˜ï¸An NhiÃªn 986â˜˜ï¸ğŸ‡»ğŸ‡³,7084806565224317954,false
vinhtien058,VinhTien,7160677428482065410,false
lphan755,nÃ£y ğŸ’” tÆ°á»Ÿng ğŸ’”Baka ğŸ¥°ğŸ¥°ğŸ’”ğŸ¥°ğŸ˜,7491609632961627143,false
nguyn.ngoc.tramu,Nguyá»…n Ngoc Tram(u mÃª t nghÄ©a),7381766275474031622,false
nguynphm8391,NguyÃªn,7403039204051141649,false
ng.thu.huong,Thu HÆ°Æ¡ng NgÃ´,7323950657035453447,false
con.th.5.trong.nh,DugznğŸ¥‘(Thuá»³ DÆ°Æ¡ng),7534720929617085441,false
huyenmi0301,MiMiMiMi_0301,6795157420614157313,false
namnguyenthanh06,Nam Nguyen Thanh,6790037306827113473,false
dewi_aries17april,DEbong,7536564330486465543,false
trungbagacbd,trung ba gac bd,7423642160954147846,false
m.mypham79,bÃ¡n hÃ ng da dá»¥ng,7458119754042098695,false
hoangkem_sale,Bá» Æ  BÆ¡ ğŸ¥‘,7473407079286588437,false
thanhkiet869,thanh kiet 96,7099034957704037378,false
thu_yen0508,Thu Yáº¿n,6821349414466077697,false
phnhung2603,ğŸŒº Hello ğŸŒº,6517977777202970626,false
u.duyn.trn,Ã¢u DuyÃªn Tráº§n,6884371451161691138,false
ichnguyen561962,ichnguyen561962,6853242218120725506,false
ngc.dim8959,NGá»ŒC DIá»„M ğŸ‡¯ğŸ‡µğŸ‡¯ğŸ‡µ,7506799198538744888,false
amadou.wagne.wagn1,Amadou wagne Wagne,7523717686230500385,false
user836770683,Thu Hiá»n,7484193268084900871,false
akissi.stphanie.k,Akissi StÃ©phanie Koissi,7333327140610819105,false
phat.di.phat.di.d,Phat Di phat Di Di phat,7469764170389832705,false
thanhthophng65,ğŸ’«Äá»“ng ğŸ’«LÃª ğŸ’«,7498727927157867521,false
user5490283141433,marwan,7440534933662155808,false
coeur97410,ğŸ¥°,7358100650628187168,false
annagimenez863,annagimenez863,7011892059095270406,false
annick974,user7948047113236,6822419565117604869,false
boubakarydiambo,boubakarydiambo,7309197884108096545,false
btibt00,NH Gáº¥m,7111766242042708993,false
lecercledesamis,lecercledesamis,6975501604276569093,false
vanlinhbtre123,vanlinh_439,7126997770431104043,false
kristennguyen77,huong Nguyen,7336379023374156846,false
sergionardi8,Annamaria,7259772698715227163,false
bt69338,BT,7452568348846064662,false
joniesak,Nati,7222365805752157190,false
mounirmoi0,mounir,7024420927198954501,false
kolangovlog,Randy Poringuez,7458301108236420114,false
user5387500426194,Sam,6743907335024968709,false
cedric.r.minor,Cedric R Minor,7465701733571445761,false
robotsilliness,Robotsilliness,7495544228836377622,false
marjorieavezou,marjorieavezou,7104295816592786438,false
linhle5109,linhle5109,7271596770697413638,false
anis.mass7,Anis Mass,7527680936331559969,false
abdel.k10,abdel,7223674638939882501,false
user2305424617283,tráº§n dÆ°Æ¡ng biá»ƒn Ä‘áº£o,7503590950775620628,false
huynhtuyet992,ğŸ€â¤ï¸ğŸŒ¼ Tuyáº¿t Æ¡i!!â™¥ï¸ğŸŒˆğŸ¥°ğŸ€ğŸŒ¼,6812619007032902657,false
diagouss.socit.lr4,Diagouss,7354738583096607777,false
thongdeptraivl1997,Nguyá»…n Há»¯u ThÃ´ng,6586828732702277633,false
jsjsjnsjsj.gshssj,lÄ©nh lÃª,7422288989497525266,false
user49219818355280,777&777,7389553964146295840,false
jramiirez_13,.,6906916612612621314,false
userdhmntiklz9,Kiá»‡t Nguyá»…n,7160145846423782427,false
funmy39,â™¡ BÃ© LÃ¹n â™,6964245098695820289,false
bonsai.hu.quang,Bonsai Huá»‡ Quang,7506016899763848200,false
khanhhoa3878,KHÃNH HOÃ€ 3878,6878777697800111105,false
trn.phong727,Tráº§n Phong,7491641924899062792,false
tracysbeautyandnailsalon,Tracysbeautyandnailsalon,6985968844280808453,false
ngc.hanh60,Ngá»c hanh,6806680105944810498,false
hongthu812,Hong Thu,6690453000173405185,false
user1042325975440k,1234568907@gmail.com,6995529077461943298,false
hanhhuynh_2023,hanhhuynh_2023,6976866487328588801,false
angtoan4,Ä‘angtoan,7493199251855852552,false
quyettn159,Quyáº¿t VÅ©,6740645672275788802,false
hi.nguyn.ch59,Háº£i Nguyá»…n chÃ­,7373253523062375430,false
bch.thy948,BÃ­ch Thá»§y,7082246358657631233,false
hieunguyen6789007,Hiáº¿u NhÃ  Äáº¥t,7081890401960281089,false
tvt25071993,TrÆ°á»ng Te Tua 14,7070696706035303425,false
annguyenvu39,annguyenvu39,7368435442117313541,false
kimbinh000,tráº§n kim bÃ¬nh,7232475341516047362,false
2212cubin1,Trá»ng nghÄ©a,6850431259223802882,false
hieuta386,Hieu Ta,7496373295735145493,false
namnguyenthanh463,Em cÃ´ Ä‘Æ¡n,7278527888176104450,false
nng.dn.th.c,user32333050712,7507564297549218833,false
ywer.mlo,lika,7505851681297859591,false
minhnguyen71c3,minhnguyen71c3,6838790272710214658,false
0807.giaminh,Thu Minhâœ…,6602528766223630338,false
thu.huyn456,Thu Huyá»n,7420074920783037446,false
thanhgada1074,thanhgada1074,6796175579331740673,false
c.mp281183,cÃ¡ máº­p,7465941909551989777,false
quynhnhu286021,quynhnhu286021,7492822835145901064,false
vietcuongtiktok.com,Viet Cuong,6867055644031403010,false
anh.thu54261,Anh thu,7483862416062546962,false
asmadi.gareng,Asmadi Gareng,7477601826351957009,false
ngc.anh.0209,Ngá»c Anh 0209,6975117488687383553,false
therikecom,The Rike Stories,7511885740617385003,false
jeandu9322,jeandu9322,6971513380058956806,false
ng.ha0809,Ng hÃ²a,7383862518533604359,false
khoilamchieu0298.2,ğŸ”œáº©n danhğŸ‘¤âœ”ï¸,6953634881974240262,false
thaituan0909151548,THÃI TUáº¤Nnewtv,7474585566735631365,false
tranhuy_real_estate,Mr Huy,6658824284194717697,false
30646302017,Tráº§n ChÃ¡nh huy 5/1,6611011134139645953,false
harry.cezar,Harry Cezar,6933932689720771585,false
giabao6004,giabao,7527294523186857016,false
jon791736,jon,7424827185967563781,false
sn.73.73.nguyn,SÆ¡n 73 73 Nguyá»…n,7431197179672708102,false
ui.ui828,Ui Ui,7336972162999403527,false
jolettawong802,user90878488410,7525919984716022804,false
user95311718244085,user07211245638,7526403041110295570,false
tranvanlangg,tranvanlang,7398474337986774021,false
user651946121526665,user55871259976,7526203377802298375,false
carolcarrillo315,user47369806399,7525827446014592021,false
user5254394984213,user99591218438,7526256173579928577,false
rosellabaldwin8,user45963990498,7525649618060854279,false
them.vu42,vÅ© thá»‹ thÃªm,7447449914260603910,false
carolannmay262,user89779247800,7525851523231056904,false
prudistone199,user17706097423,7525788170069066770,false
l.vn.nhi88,user99605257056,7525801635470541842,false
nguyyenthiha,ok e,7385716854793339921,false
dinniebatista,user51191289878,7525618132829602823,false
taphoanhabepp55,taphoanhtaphoanhabepp55abepp55,7254187268016817157,false
jaimiepresley,user48961082328,7525618583160161287,false
laureebarba,user91910510835,7525841849867011090,false
renatepresley,renatepresley,7525444257340507143,false
user93063395753826,LÃª Háº£i Nam,7526267772135277586,false
gv_191,Viá»‡t nam,7430116119359374357,false
joelynnbenton,user32555409546,7525838098053235730,false
trinhnguyenphuongbinh,PhÆ°Æ¡ng Nguyá»…n 71 @,6861781185795982338,false
user208193875,Nguyá»…n Háº­u,6548611514222690306,false
d.th.khanh.l65,Dá»— Thá»‹ Khanh LÃª,7525722648903484423,false
user134498636169,LÃª LÃ¢m Khang,7526276942543848456,false
lc.quc.hip54,Lá»¥c Quá»‘c Hiá»‡p,7516063504119497750,false
violanteponce,HoÃ ng HÆ°Æ¡ng Ly,7525855935023498256,false
vangangtaynhabeppp129,user39074227870,7252681289520907269,false
ngockhanhs1xf9r,ngockhanhs1xf9r,7518915249451533334,false
germanazimmerman,user58403885621,7525683729059234823,false
nnny1234_,Chinh,6954729405655614465,false
trn.chu.anh63,Tráº§n ChÃ¢u Anh,7525410090741875728,false
blakedominguez300,user64760508878,7525863744707806228,false
lauraleeclarke3,user48999823452,7525865313905787922,false
filou_off2023,filou_off,7081714323827852294,false
adriakhan933,user40234316839,7525725007281079304,false
dionnepennington,Nguyá»…n ThÃ¹y Trang,7525981884250375189,false
la.vn.long55,user49512195771,7523605159579485204,false
anabelbarbour,user48399636050,7526076666788856852,false
edaflower167,user41505299605,7525709173486191634,false
l.chin.cng07,user31187543200,7525448786438308881,false
angywaggoner,user31473841542,7525709198345143314,false
animeforlife96y,animeforlife96y,7315149142611100704,false
charmainbarksdal1,user28088830775,7525668114013963272,false
nguyn.khc.hun301,Nguyá»…n Kháº¯c HuÃ¢n,7525722597620843537,false
abbeyarbrough,user86524740667,7526179007692407815,false
stoevaryliep,user82391100066,7167718893792314394,false
vikkihorton8,user63660633640,7525863252494238728,false
maureenebaylor,user48155279210,7525874262838969364,false
bonneephan650,user84526655923,7525702664938030088,false
dasibarfield15,user02147810642,7525669365414822930,false
bertibartley,user12920742469,7525946894230389778,false
eboneewhitman,user55811983321,7525838860573262856,false
don.vn.ngc287,DoÃ£n VÃ¢n Ngá»c,7516081348861690902,false
user9203415902223,user69726873955,7526149841920345106,false
tr.games.wz,tr.games.wz,7378551011717219360,false
aidanmarquez6,aidanmarquez6,7525902771960300562,false
user62484571052393,VÃµ Thá»‹ Ngá»c Thá»§y,7526040968656913424,false
mai.th.xun.vi627,Mai Thá»‹ XuÃ¢n Vi,7525720074058515464,false
tuantaisskf4f,tuantaisskf4f,7518625276516238358,false
dareenkerr68,user06718436568,7525683213550060551,false
huutracljucm3x,huutracljucm3x,7518614220280546326,false
alexinadurham881,user85438443042,7526179703683302421,false
kareewill830,user29381971466,7525994755298182162,false
biacoventa6,user50905030394,7168807509611086875,false
kellenwimberly,user95328604904,7525987718885032978,false
klarrisaalvarez99,user25221080938,7525853773203588114,false
b.magiccc,user39634650465,7230047141531649030,false
deeynwiese,user60063605464,7525850996686390280,false
vivienecarr,user34348873745,7525706437936235537,false
v.bo.sn130,VÅ© Báº£o SÆ¡n,7516077086285792278,false
user4969239548226,user08788099812,7526230611477087252,false
user14730055902996,Pháº¡m VÅ© LÃª Minh,7526050347107632135,false
user730420818192,user27562822282,7526039803373388818,false
evaleenhendrick81,evaleenhendrick81,7525377362701534215,false
reginawampler,user68675562009,7525658658182464520,false
duykhanhthtruemilk,Duy KhÃ¡nh TH Truemilk,7007414205558211586,false
jobeyyancey785,user36273731704,7525976076850529288,false
tien1991ti,TiÃªn TiÃªÌ€n,7444416692966720567,false
athenapendleton,user48508048085,7525719031002235922,false
fayetteponce,user00526208351,7525857598039573511,false
hector91r,hector91 R,6755773856684475397,false
hong.dc.vnh587,user64920105719,7526083352824529938,false
jolinezimmerman24,user45850668166,7525714598926746642,false
klumpiarmy1.1,klumpiarmy1.1,6667945833847177221,false
user31319793612308,user42972169003,7526174915486368776,false
mabelwofford,mabelwofford,7525906211595830279,false
phan.phng.hip404,user30977516286,7526045242727515137,false
nedicordova341,user49554361497,7525728340591264775,false
user2145781520575,user2145781520575,7517302563797353494,false
janny_2k6,Janny,6909020746585818113,false
l.qu.anh07,user98678647074,7525496104474952711,false
minhquyjlvw7qv,Tráº§n Tuáº¥n Minh,7520393116688663574,false
user4591699382826,Tráº§n Thá»‹ Ã TiÃªn,7526053270345008136,false
mignonstrong666,Mignon Strong,7525718948597384200,false
user1682222377442,user99434847828,7526070345603548167,false
13.vms,ğŸ‡©ğŸ‡ª,6924663127871325190,false
lanawell162,user60624918034,7525861100782617618,false
trn.th.hng.nhn96,user29788676534,7525491673661965319,false
marielraymond,user25903520609,7525704560738141192,false
maurisehubbard,user87853419250,7525725405426189330,false
maribethbarlow,user88706986813,7525731030050178055,false
user8081102292167,LÃ½ Dá»©c Minh,7526175253610791944,false
oneidanorri755,oneidanorri755,7525730580879066130,false
enb284,ENB,6723244665674580998,false
beckie.whitfield,user21874287138,7526137189965759496,false
user1936263808195,Tráº§n Thá»‹ Thanh Thuáº­n,7526235075588031496,false
stevenagreer,user18877767761,7525718871443194896,false
phuocan3u66jpy,VÅ© Ngá»c ThÃ nh,7520390899844776982,false
sjaakjansen1,Sjaak Jansen165,6834939456086393862,false
jilleen.day,user77741528922,7526135675779859477,false
nertmayer,user50432043114,7525654808260740103,false
user13306683334780,user41003037596,7526042745019876369,false
i.an879,Ä‘áº¡i an,7432161365840921601,false
gertaaria75,gertaaria75,7525912534965978120,false
obitouchih204,ğ•ºğ–‡ğ–ğ–™ğ–” ğ–€ğ–ˆğ–ğ–ğ–ğ–†,7336162292696581153,false
sandyramsey817,user41490249265,7525861707705713682,false
nguyn.th.thanh.ph971,user07438611062,7525498252524602369,false
sydanbilw9pn,sydanbilw9pn,7520349052564571158,false
cristiwylie205,user01899940262,7525766696658535445,false
annoraschmitt103,annoraschmitt103,7525903971098985479,false
phm.th.tho2373,Pháº¡m Thá»‹ Tháº£o,7526075631755756561,false
lu.vn.lm942,user51197323917,7526070351999009810,false
bathinh902rc,LÃª Cao Tháº¯ng,7520393753246204950,false
user6938085049758,user03368000657,7526183672590386192,false
oravaldez3,Nguyá»…n Pháº¡m KhÃ¡nh Huyá»n,7525861413739709448,false
bi.minh.nht356,user40535079602,7526075503003501585,false
yokolloyd1,user55893144642,7525858217462514696,false
nguyn.th.diu.huyn111,Nguyá»…n Thá»‹ Diá»‡u Huyá»n,7516063504119546902,false
herminebaker33,user48801325948,7525731159541269522,false
triungct31,triungct31,7526083991221896199,false
kevincarton,Kevin Carton,184426661679996928,false
jackievaldez61,user95390445324,7525731782991856648,false
maudbarksdale,user00111097355,7525374355246302216,false
laineywoodward155,user73175709193,7525371203822470152,false
darciclarke,user77397475097,7525730702228522002,false
benditeburton,user81198173762,7525850052695278612,false
nguyn.thnh.nn01,user49298003536,7526240982095348737,false
avazuniga8,user11048384136,7525670686464345106,false
fanyawertz207,user63657086415,7525856148378747911,false
robiniaduncan,robiniaduncan,7525369934806828040,false
user2612767639227,Tráº§n Cáº©m Ly,7526042834425791495,false
maixuanhuanvu,huáº¥n mai,7486081184280134673,false
viettoumase4,user82059672290,7168195526323667994,false
user2363366355940,user59274160132,7526234354423546888,false
user1476096998148,Nguyá»…n TÃ¢m Lá»±c,7526183446868542480,false
adaghdgahg123,user68862653516,7526042739337004033,false
dareensander,user77045975272,7525846323254821895,false
neroxzinprr,user13096140580,6855379631374877701,false
uyen2132313123123123,user3387868820718,7526183411573834759,false
fou_du_bus0,@à»ˆÂ :à»ˆ,7168862328144970757,false
ng.tr.dt205,NgÃ´ TrÃ­ Dáº¡t,7525502461956686855,false
scarlettpoindexte,user48717733113,7525655830503457810,false
user7602592856582,user32082095797,7526069850968753169,false
rozannablackburn3,Tráº§n ÄÃ¬nh HoÃ ng,7525656524158944277,false
trn.ln679,user94934979696,7526078173793059858,false
user66293023997290,Há»“ CÃ´ng SÆ¡n,7526235055162983432,false
user6381303451106,user95963634421,7526173456360506375,false
laurelvanhorn,Laurel Vanhorn,7525704565045511176,false
gisellagomez87,user11083059609,7525842059661657106,false
patricaromero757,user79477325739,7525668006882739217,false
dng.th.hng1034,user42744606018,7526179419737555986,false
v.l.bng4204,VÃµ Lá»‡ BÄƒng,7516063504119514134,false
chinczyk4wb,ğŸ€ğŸ”±ğŸ…±ï¸,6719756875825808390,false
johnnaespinosa219,Johnna Espinosa,7525704518265406465,false
lisettacastro,lisettacastro,7526077087528174599,false
opalinaviera,Opalina Viera,7525727459191849991,false
trang.hng.thy468,Trang Há»“ng Thá»§y,7516063616983188502,false
user45281324790954,Nguyá»…n Kháº¯c HuÃ¢n,7526182784047825940,false
wenonaeaton,user59084901100,7526178738988565560,false
aliciabuchanan915,user53255759729,7525719746509145108,false
alisunbender829,alisunbender829,7525931313405559826,false
user81616185695288,Phan Nguyá»…n Trung TÃ­n,7526070170160743431,false
joellenenglish,joellenenglish,7525932627740673032,false
user3481513787422,user21286362215,7526223419589182472,false
sz.akos0,sz.akos,6561338519171170309,false
johnathbannister,johnathbannister,7525913815684318226,false
mc.vn.quyn42,user82770803279,7526083761973986322,false
shanepassmore5,shanepassmore5,7525904263668352007,false
candacemcdowell8,candacemcdowell8,7525901532710257672,false
yettybearden,user73118637865,7525771563247387664,false
trn.huy.bo28,user25066360820,7526072899850142727,false
leeannperkins,user11214572251,7525864824229643282,false
uyen12313213123,user02730535341,7526182765239927824,false
joetecrosby415,user50130480535,7525379912383939604,false
branaoconnor,user85869649942,7525947522318648327,false
karinabayne,user55189417180,7525861666425652231,false
nguyn.hunh.phc121,user10852675883,7526179420420998151,false
user19060691509201,user54048026013,7526042876384396295,false
do.th.ngc.nh983,user52989603836,7526091501778191376,false
heddabattles817,user89139973581,7525858132141458449,false
sareepennell,user44666657184,7525722979930489863,false
d.th.khanh.l81,user38853294639,7526256721602888720,false
lamtuoi20,user11264252241,6589092811835047938,false
trn.minh.hu810,user97076510898,7526115171946267656,false
dulcikelley,dulcikelley,7525365661581788168,false
rebekachristense8,anh linh,7525979217592566791,false
user29611505882430,Nguyá»…n ChÃ­nh Sá»¹,7526181962546512904,false
user5465423571744,user03024456289,7526182803965985800,false
vi.th.thanh.hng42,user35652205529,7525499621536908295,false
dottiweinstein,user24072533005,7525731984355296274,false
user4930160068263,user65016668974,7526182019278111762,false
nguyn.th.vn.tin41,user80758187454,7526232947314689040,false
carissavandyke5,user08824235913,7525670091150803976,false
ladonnahansen108,nguyen vÄƒn táº¡,7525372893871801364,false
user95855126753111,Dáº·ng Há»“ng SÆ¡n,7526182720482690066,false
baohuynhvqlh0,Nguyá»…n HÃ  Gia Linh,7520393457950311446,false
noamipoe,lÃ½ vÄƒn tÃ¨o,7525375742223303688,false
user2422493549566,Tráº§n ThÃ nh DÅ©ng,7526042834425775111,false
saritadunn,Sarita Dunn,7525706523944944658,false
kristavoss538,user85426874995,7525718861800244240,false
user4572370483369,user4572370483369,7517312017679008790,false
user36288170633861,Nguyá»…n ThÃºy Huá»³nh,7526230611477300244,false
nguyn.th.tuyn997,user38030542316,7526089085414163464,false
ngoccuong4fu9l,ngoccuong4fu9l,7518913887988712470,false
trucquynhc8aipc,Nguyá»…n ThÃ¹y DÆ°Æ¡ng,7520394928259286038,false
xx.b.l.a.c.k.xx,xX-B.L.A.C.K.Y-Xx,6673455095554458630,false
iprovixe,iprovixe,6726961170685821958,false
dienachoi491,user52328188810,7525765649383457800,false
jxstixn214,Justin,7325136447370757153,false
renatevest,user53877127108,7525709409928397832,false
parallelroleplay,Pinguin,7119087943524353030,false
koressastuart6,user44939662921,7525718964526138376,false
tabbieguerra,user01329772043,7525719781861983250,false
mahalabaer379,user16184823379,7525775068846441490,false
rebarichard380,user06995145896,7525934803666961415,false
timmiyork805,user35077375499,7525709505163805703,false
user6705656008195,user34162386632,7526071206875186184,false
galinapaige,galinapaige,7525932167932019730,false
hong.ngc.mai21,user53861355664,7526088577794065424,false
emlynnmcdaniel808,emlynnmcdaniel808,7525902124015289351,false
1_nedo_1,Nedara,6810441532680881158,false
tanafarrell5,user68416276484,7526179120344007697,false
violepartin,violepartin,7525904275311002640,false
user1780516613210,Nguyá»…n DÃ¬nh KiÃªn,7525814864037725202,false
user2310629345565,user95471861163,7526233890861138962,false
v.th.nht.hin00,user81472098963,7526089148261876744,false
pammiportillo,user19555895808,7525702697199748103,false
ardellabaines,user49334629879,7525855704671831057,false
catemccarthy728,Cate Mccarthy,7525718947204924423,false
margretbaldwin768,user08841071243,7526180062124639250,false
roxannaparish993,user48082677739,7525858735521301520,false
koressarobertson,user67129162099,7526006462243881991,false
oreleeschmidt,user17122450690,7525858629719802901,false
giacintasanto585,user18751053418,7525670847790056449,false
jodityler49,user89851535597,7525731617593639957,false
invaded_keeper,invaded_keeper,7303320320227705899,false
hertaarnold850,user39134081268,7526008043315151893,false
user9533460661856,user9533460661856,7517303031663559702,false
faustinalester,user73995159485,7526006537655960592,false
trng.tn.dt11,user75725400540,7526070242762703890,false
user8305007484670,Nguyá»…n Há»¯u Ngá»c Tá»¥,7526071391356355602,false
user3616162540159,user39561297610,7526182664971289617,false
jemimaoconnor,jemimaoconnor,7525373997744768018,false
user4202768487251,LÃª VÄƒn Dáº¡t,7526069942257697799,false
user7551766877832,user07579432534,7526071535888811016,false
hong.tin.huy723,user25538105629,7525499621537203207,false
mairmelendez,user29534864778,7525657340474426369,false
salpearce8,Dung Nguyen,7525683866436666376,false
user47523625856527,user04321698411,7526049013024474119,false
nhuhoafsk24,nhuhoafsk24,7518914243467641878,false
chocopie21311,Gáº¡o náº¿p ğŸŒ»,7373604782843888646,false
lenkabarry931,lenkabarry931,7525935367817610256,false
triu.ngc.t68,Triá»‡u Ngá»c TÃº,7525500217086968852,false
augustewater8,user41994700245,7525654488355783687,false
tildaberry747,user04030570782,7525719843682092040,false
trn.nguyn.quc.tun012,user36253843011,7525496160825754641,false
dng.th.thoa467,user23348290315,7525498326058451988,false
user63049569624725,Dáº·ng Há»“ng SÆ¡n,7526182348959695893,false
user93115336800615,VÃµ XuÃ¢n Tiáº¿n Dáº¡t,7526053270344975368,false
maddybest885,user17458168269,7525975895069623304,false
wilmette.navarro4,user61045692559,7526155404612060176,false
ramondabeaulieu,Ramonda Beaulieu,7525702661804885000,false
user82048420592557,user82048420592557,7526175273851585544,false
alin.777,Alin Ally,142122410538946560,false
ngc64726,Ngá»c,7525336107337335815,false
kore.weis0,Kore Weis,7526240123895137298,false
ngocdoanc02yh,Nguyá»…n CÃ¡t Anh,7520393593989071894,false
user469287627626,user42329675248,7526247333340660754,false
user5487733392112,user27665731650,7526247394079933448,false
user83749059255218,user18228511472,7525694012629812241,false
leeseybarra,user52063216052,7526180547028485128,false
user99711775106,user27944738557,7526182754410923029,false
user8137714229435,LÃª VÄƒn Dáº¡t,7526182388880540690,false
odeliamercado,user82073581651,7526177336086774792,false
calypsowendt,user34369849558,7526177490206901256,false
don.phm.thanh.tng24,user44942455929,7526070390125790228,false
renellepineda29,user30620191699,7526178348491473976,false
amelinepaine1,user42019263811,7526178299136115730,false
hong.tun.dng232,user18817645897,7526080676698440721,false
hong.v.hng.qun601,user02750378820,7523593290651845654,false
an.hng.ngc4527,user73039651378,7523567872090883094,false
trnh.ngc.qun088,user67031258813,7526179425659110418,false
lu.quang.lc22,user06395180340,7526078087051985937,false
perrylowery229,user24677091300,7526177484729467912,false
user2080211129034,Tráº§n Thá»‹ Minh Háº£o,7526174216661746689,false
user5292822906973,user98723624097,7526234325169636370,false
user5386085814355,Phan Nguyá»…n Trung TÃ­n,7526175686957515796,false
dng.xun.hong183,user59860088954,7526073378164327440,false
nedipelletier,user87932597051,7525669061532320776,false
lc.thc.nhi9897,user14355079533,7523602491817100310,false
thi.tho.nhi0640,user37737636950,7523593324880757782,false
yevettepollard,user83798571948,7525855614519624712,false
user6079767253881,Dáº·ng HoÃ ng Sang,7526175417930499079,false
tng.mnh.hng969,user51753612471,7523602400063554582,false
tralataodotancuong5vi,TrÃ  LÃ¡ TÃ¡o Äá» TÃ¢n CÆ°Æ¡ng 5 Vá»‹,7355867493536138247,false
nguyn.thnh.cang60,Nguyá»…n ThÃ nh Cang,7526073403691090952,false
l.thy.lin9187,user83989030663,7523602375279641622,false
user1946147000998,LÃª Ngá»c ThÃ nh,7526174178983429128,false
rosaliabankston,user66313190157,7525932005894161415,false
kayleycervante,NgÃ´ Ngá»c BÃ­ch,7525977808037102598,false
harriyork171,user89580747756,7525979275867079688,false
myriamharding6,user34789557394,7526176891934721030,false
user68424171943140,Phan Tráº§n LÃ¢m Anh,7526174274669085704,false
user1582846025637,BÃ¹i Thá»‹ BÃ­ch Triá»‡u,7526231789334561810,false
chandalmassey,user95171485475,7525857551393719303,false
amandipettis121,user20996228571,7526215479787078661,false
mimihebert5,user92001193249,7525669458988663816,false
betteannhickman,user02159378167,7526179283523634177,false
marleahwinfrey,marleahwinfrey,7525904442286965768,false
user4580362261396,user32147803716,7526075848416674833,false
agathavanwinkle,user93171668214,7525860374979478546,false
ac.vn3,ac.vn3,7444992440203183159,false
nguyn.h.qunh.th256,user12030958369,7526211858073142280,false
user1957067448053,Dáº·ng Há»“ng SÆ¡n,7526183634710971410,false
h.th.nguyt.hoa592,user07100215710,7526072938580214792,false
v.th.ngc.thy476,VÃµ Thá»‹ Ngá»c Thá»§y,7526089053835396112,false
nguyn.hu.ngc.t90,user81981968264,7526037735837303809,false
user4139743407109,user95881501890,7526250442826073089,false
nguyn.trn.thanh.n55,Nguyá»…n Tráº§n Thanh NgÃ¢n,7526088652536611858,false
user3310395820310,Tráº§n Há»¯u LÃ¢m,7526175253610644488,false
user4380276326736,Tráº§n Minh Há»¯u,7526183452132213780,false
user5928282240783,Tráº§n Há»¯u LÃ¢m,7526182346162406408,false
hilarycumming282,Pháº¡m Duy Anh,7525986394587759634,false
stefameyer38,user46523382168,7526006637178618888,false
user15468193321035,user96884751274,7526230611478348820,false
user5984795093479,Tráº§n Huy Báº£o,7526223436062983186,false
user1726617593549,user92111038760,7526250537323512849,false
charobedard997,user43174781005,7526178947459466296,false
loriapeter999,Há»“ PhÆ°Æ¡ng Ãnh,7525978994057085970,false
user1749375099733,LÃª Nguyá»…n KhÃ¡nh Ly,7526221358909637640,false
user80674452376324,user04352709626,7526182383532737552,false
user512141261996,user54329863768,7526181982688560148,false
audieolsen1,user20804214715,7525670015488836616,false
manhtung99c,manhtung99c,7499901758409262087,false
user19479081460535,user82332434877,7526260277399438353,false
user77977442681240,uyÃªn1233213123,7526182803392218120,false
ericazarate68,user05428076454,7525857663130240018,false
marticababcock,user47462686427,7526176680273363973,false
ng.vn.nhanh277,NgÃ´ VÄƒn Nhanh,7526078680365384722,false
duyhai97c,duyhai97c,7500601873712989202,false
user4818732148188,LÃª QuÃ½ Anh,7526223412286424085,false
dng.th.hunh.nh731,Dá»“ng Thá»‹ Huá»³nh NhÆ°,7526093831960904722,false
user73129663419130,LÃª Háº£i Nam,7526228925195518997,false
user1492524773676,Nguyá»…n ThÃ¹y Giang,7526233613160924176,false
supreme_boy1352,Yanis_1352,6636677135221243910,false
user27981695248681,user03869397265,7526182720482214930,false
user1161278660219,Pháº¡m BÃ¹i Tuáº¥n ThÃ nh,7526182408946713608,false
user9378667044299,Nguyá»…n Linh Sang,7526182365086204935,false
user2948881380040,NgÃ´ VÄƒn Nhanh,7526228955335476232,false
nguyn.khc.hun770,user03263977866,7526065578223059975,false
nguyn.th.thanh.ph410,user02808566053,7526070821724423176,false
tovaguevara,user00857606014,7526180358652609543,false
maricechung585,user49525754995,7525668808603321360,false
teddilong951,user56508030497,7525668243992118290,false
mai.th.xun.vi876,Mai Thá»‹ XuÃ¢n Vi,7524987833740919815,false
user9732416617269,user27277843428,7526182359596090376,false
alydapeeples356,user18815199364,7525859587897115669,false
user9286262953037,LÃª Thanh TrÃºc,7526183763128075271,false
user9851846928881,Nguyá»…n Minh Viá»…n,7526234338939372551,false
tomasinebader,user70727428217,7525654731886232584,false
user30040777855431,user29963685885,7526085467449852944,false
user6625454663301,BÃ¹i Viá»‡t Tiáº¿n TÃ i,7526085878675489809,false
nguyn.th.cm.ly143,user56898666034,7526078615512056853,false
user6286620601853,Tráº§n DÃ¬nh NhÆ¡n,7526223436062950418,false
lvnthnhtrng108,LÃª VÄƒn ThÃ nh Trá»ng,7526073541692212231,false
user8478481167208,user73644716629,7526183412341621767,false
user9817215463106,LÃª VÄƒn ThÃ nh Trá»ng,7526085969264477202,false
user6673483549118,user6673483549118,7445544831466816518,false
user7867512070777,Mai Thá»‹ XuÃ¢n Vi,7526075786831447047,false
casijacobson,user82531507946,7525672575625266184,false
renniebatchelor48,renniebatchelor48,7525934859996644369,false
user2448841065194,VÅ© HoÃ ng Yáº¿n,7526182351279244296,false
twylaramirez463,twylaramirez463,7525820860457894913,false
user2651674812956,Nguyá»…n Tháº£o ViÃªn,7526182789622187026,false
hhqhahau11d8,hhqhahau11d8,7346018295207052296,false
zorineochoa,user11631049825,7525864734781211656,false
gretacasey310,user99147259866,7525864927933776914,false
l.quc.li127,LÃª Quá»‘c Lá»£i,7526068370664604680,false
clarettamacdonal6,clarettamacdonal6,7525669350410388498,false
nguyn.thnh.cang54,user87635360574,7526086555254785040,false
cho.lo.san76,user67880875839,7526070813826876434,false
darrylbeauregard,user88711214221,7525654845639869448,false
user17821205177930,VÄƒn Quá»‘c Trá»‹nh,7526182348061295633,false
user43915128560042,Tráº§n Thá»‹ Yáº¿n ThÆ°,7526181969673192456,false
user956814373329,user37080635935,7526182349249709072,false
dawnahenson,user06596460393,7525979507947111431,false
meggichan115,user22530538648,7526008352029295624,false
mercedesroberts39,mercedesroberts39,7525857371420263431,false
phm.dc.phng.minh76,Pháº¡m Dá»©c PhÆ°Æ¡ng Minh,7526078650913129490,false
bellapressley,user67192435471,7526007653056676880,false
idellepatton560,user17794171101,7525853661530096660,false
gayleenwetzel,gayleenwetzel,7525907948360926216,false
cassmann410,cassmann410,7525914940156199952,false
dorettaweiner,user51924857802,7525852966563251218,false
sabinehahn485,user83785834665,7525767443270173704,false
meadmaynard530,meadmaynard530,7525906672234480648,false
diannneros6,diannneros6,7525907457492894728,false
user502176953868,Tráº§n Thá»‹ Minh Háº£o,7526076045691356168,false
user8105272373907,Cao Ngá»c Anh,7526050218686202898,false
user12333599096001,Tráº§n Thá»‹ Yáº¿n ThÆ°,7526050302232052737,false
serenawilloughby6,user62130481636,7525654223763293192,false
user6110158002212,user88342592634,7526039790267139080,false
piperwinslow2,user86058725936,7525657253267096583,false
user1687848352193,Nguyá»…n Nam Linh,7526250495666881537,false
user201022788783,Pháº¡m Quang Thá»‹nh,7526039790354777096,false
user6108523661373,Pháº¡m Quá»‘c CÆ°Æ¡ng,7526041079073129479,false
lannipatel,user10589847152,7525853735827375124,false
kristienwhite,kristienwhite,7525937217891386376,false
trixierocha723,trixierocha723,7525937209564775432,false
tressavanburen,tressavanburen,7525916576420709383,false
franciscasousa_7,franciscasousa_7,6958411753739764742,false
quyduong98a,quyduong98a,7483873692335260689,false
shellypettis5,shellypettis5,7525935782961333255,false
sharonwills14,user11672896934,7525864710542525457,false
user7763693618706,user7763693618706,7445975616690881541,false
melisawatt,user18643924967,7525865069721633800,false
reginepennington9,user45164581953,7525658277994316821,false
ettihogan987,user88138689781,7525861284958667783,false
darlleenyate,user62661645524,7525860824163976200,false
maryannearnold223,user61141013676,7525982567422805000,false
fancietorre,user82565086659,7525853192467678216,false
marticawiggin449,user06750209976,7525852711741719559,false
caseywoo91,user89266296568,7525659865806128135,false
on.cv2,on.cv2,7445227221474001975,false
jaclinpettis,user25327538067,7525657381562483720,false
bi.h.phan.loan,BÃ¹i HÃ  Phan Loan,7424844376205870087,false
user6175378137952,user6175378137952,7445841748726039558,false
user21248527080432,LÃª VÄƒn Dáº¡t,7526048999918371848,false
user9938761681281,user20554605399,7525720351197398037,false
jordainbauer4,user17865490235,7525923084919915541,false
user17918800050671,user61578383618,7526134670442890261,false
sheriepinkerton,user57621644712,7525656948370293781,false
user1674745361675,user1674745361675,7445502413522813958,false
lidawhitehead725,user63190674946,7525855087856698376,false
caitrinmassey,user65662383260,7526007641060901896,false
chrissynorri,chrissynorri,7525906623937348626,false
user8012240533470,Tráº§n LÃª Minh Long,7525719242139075592,false
dugong.thanh2,dugong.thanh2,7483895867486667777,false
koralhoward836,user86661665586,7525820701422945298,false
gladyspannell,user80777530176,7525670925355123719,false
user9903444146927,user75456178710,7526070769426088967,false
viviennegood668,user96995861721,7525819881431467015,false
norrimorton,user51239532809,7525654741801239560,false
ettinavarro711,user99927028115,7525667973353374727,false
user3521518388663,DÃ o Tuáº¥n VÅ©,7526053270344991752,false
user66127952910040,DÆ°Æ¡ng ThiÃªn Ã‚n,7439587771633206327,false
catefowler7,catefowler7,7526006546724209665,false
nhuttien.abc120,Pablo Demergass,7069422918723945478,false
user27782548243597,ngay ay,7525694100928037906,false
user3331015414482,user09573637631,7526048991542281223,false
lizziepryor697,user75977181770,7525991748155098129,false
rickidaugherty887,Mai Minh Hiáº¿u,7525872106194617351,false
user594507110355892,Phan Tráº§n LÃ¢m Anh,7525832508383331335,false
user6178165022461,user67828961869,7526171645381657607,false
hong.h.phng796,user32339835980,7526081144687133704,false
123adagdajh,user21627923816208,7526050368497763335,false
rayshellatkinson5,rayshellatkinson5,7526005680667870225,false
user9721524559584,user09112170903,7526041784797103124,false
fredcosta446,user85617762863,7525653133386712072,false
alysehanson735,user08967239848,7525852899344860161,false
thanhhang00c,thanhhang00c,7500502559137629205,false
yasminpratt,yasminpratt,7525934965772764178,false
ellensalgado,user09924328974,7525776242211079176,false
illabrandt3,user01515847774,7525928878691910663,false
latiasimpson340,user26524370970,7526005837736379408,false
carolynnpayne,user75476766508,7525769640041268225,false
user18508692977614,Phan Nguyá»…n Trung TÃ­n,7526048742106301458,false
sharylpolk550,user58222930747,7525767176423293960,false
carlotacros,carlotacros,7525917066399564821,false
olympieedward4,olympieedward4,7525936025047630866,false
user1439355614681,user99830167946,7526171664967746567,false
user23008611934483,Tráº§n VÅ© HoÃ ng,7526042776967201809,false
daribridge,user01089568666,7525821009317987336,false
user819975780343,user05738491078,7526168855921116168,false
breeluca,user02210856275,7525853830773654548,false
lorilynpurdy,user62944717098,7525851998400807952,false
kippyfigueroa659,user30650223065,7526007618536702994,false
user6122009058525,user37733120673,7526070584464196615,false
kimanh09e,kimanh09e,7500599487744902152,false
user1481085577103,Nguyá»…n Quá»‘c ThÃ nh,7525708600909186064,false
user61627054529405,DÃ o CÃ´ng NguyÃªn,7526053205726938128,false
user61736934546037,user86592407574,7526062626922873873,false
user8003206342375,user75273701238,7526077975503684615,false
user55752980090472,user47497599721,7526168850301289480,false
user1062975881399,user1062975881399,7526171627832411152,false
user85790083866081,user11103198262,7525694802076730386,false
user9887581769006,Dá»— Há»¯u TÃ i,7526048989494854663,false
austinawilburn,user15663477488,7525928859779335176,false
dorriwallen,user93151634610,7526005274994279442,false
juanfroog,juanfrannğŸ¥,6680811428498457606,false
user43293262081044,user72297670923,7526062812872295431,false
_wavwww,www,6931898055785235458,false
cilkawinters,user81387432822,7525653974830515218,false
l.hng.lan.ngc098,LÃª Há»“ng Lan Ngá»c,7526086038240199688,false
nh.nguyn69519,user39367345406,7526180462034863112,false
l.dnh.dt715,LÃª DÃ¬nh Dáº¡t,7526088724581630983,false
brynwhitcomb618,user05583108129,7525771244827034641,false
debbievance813,user44589976166,7525864974398800914,false
user49884356630483,user47942925880,7526171669833024519,false
user3378135272735,user3378135272735,7526171664967615495,false
user38829491058480,NgÃ´ Dáº¯c Lá»£i,7525692170733405202,false
yasminlong403,user37239006107,7525856741997724688,false
user6002379806606,user24482158550,7526077890921415688,false
user76508190460954,user02814318242,7526076504305075217,false
dungzung03,Dungzung03,7018875713269285890,false
user7215852099817,user73450028351,7526168844373902356,false
user4927888261009,Pháº¡m Dá»©c PhÆ°Æ¡ng Minh,7525855696002155537,false
dgytdfhmcpx,dgytdfhmcpx,7526241997829915656,false
user9412977114933,user51516119303,7525692149443675143,false
user19245333961181,LÃª Háº£i Nam,7525764693374960648,false
user24202194860788,user61058896136,7525694788315137044,false
duy12312332,user49101535646,7525739014935872519,false
user4285425714967,DoÃ n Thá»‹ DuyÃªn,7526171637575205905,false
vuthanhnong108821,Chung VÅ©,7193673853028762651,false
aloisewall,user89401816998,7525655924763280392,false
user3612030811167,PhÃ¹ng Thanh Huyá»n,7526171638656795649,false
shop6.168,shop6.168,7109433548487148545,false
bi.khnh.ly8579,BÃ¹i KhÃ¡nh Ly,7523485761448264736,false
user8879813180065,Nguyá»…n Huá»³nh PhÃºc,7526171662242006023,false
user7022800362238,user16811393918,7526196487673037832,false
user81261485616594,Phan Nguyá»…n Trung TÃ­n,7525692538826032136,false
user8851757740625,user38297530960,7526204699797472257,false
l.diu.linh066,user60340783144,7520310843281425414,false
suzanneboone6,user87468747307,7525713380780164114,false
m.em.gu06,Máº¹ em Gáº¥u,7510075219970491410,false
keriannebenavides,user24705279751,7525947693672760340,false
user79326960547571,user92629275446,7525694114483225601,false
nghiagiadungg.112,Ngá»c My KT,7270189250049803270,false
giahuyreview96,GiaHuyreview,7517271145469625361,false
quangtruongko1968h,NÃ´ng Ngá»c Huy,7520391026687869974,false
nghiagiadungg.55,Quá»³h Anh KTT,7272398326195930117,false
btbtb199000,Ä‘iá»‡p Ã¡nh,7289717371870626824,false
user5716529658008,Nguyá»…n Thá»‹ Thanh PhÆ°Æ¡ng,7525764954226639880,false
user43723713438872,Tráº§n Huy Win,7526060197342561296,false
user5297063247086,user05674328455,7526196497243767815,false
trn.phng.anh796,Tráº§n PhÆ°Æ¡ng Anh,7520310887660405816,false
zararich469,user40292956835,7525725591695655957,false
margaretwillson53,user71434939058,7525973114178634772,false
shop6.173,khai13122003c,7381523683355247617,false
user48241121132858,user54395928051,7525764671917556754,false
hoaitrang97poaua,Nguyá»…n Quang Tháº¯ng,7520390161781523478,false
user7841670144702,user24115490291,7526115100756018194,false
user3382681146838,HoÃ ng Dá»©c VÄ©nh,7525764670658085904,false
user2199032332442,Tháº¡ch Thá»‹ Kim Yáº¿n,7525855536623272980,false
victoriabay229,user77262410916,7247607013605409797,false
jainebeck945,user09268201026,7525874749042721799,false
vanphong22781,vanphong22,7427467003709342727,false
quinnie1005,user15030372950,7526216648447493128,false
dalorisvang461,user08811140366,7525948696094884865,false
dieu_hang322780,Uyá»ƒn NhÆ°,7413035385200903174,false
prthao,Quáº£ng tÃ¢y,7185054242691482651,false
barbeyworley,user32804058300,7525946667607639047,false
l.vn.thnh.trng274,LÃª VÄƒn ThÃ nh Trá»ng,7525605930936960008,false
vu.phng.quyn1352,VÆ°u PhÆ°Æ¡ng QuyÃªn,7516077086285743126,false
phm.trng.hiu3772,Pháº¡m Trá»ng Hiáº¿u,7516065457935418390,false
jeanninebradley28,user10356667762,7525708680878326791,false
camupaudio,CÃ¡ Má»¥p Audio,7514554752929711122,false
nguyen_van_hai_2001,HuyyyğŸ‘‘,6968568396284281858,false
trangphamngoc05,apple,7526208416516998152,false
thaoquyenxnkfd,Nguyá»…n PhÃ¹ng Linh Chi,7520395263036441622,false
carrollparson605,user07565863188,7525982534104253496,false
karywyatt80,user03358614207,7525731414131065864,false
larinapagan933,Nguyá»…n Gia NhÆ°,7525846031733474311,false
trixipeak,user87728243647,7525709115383088146,false
user8kzwd50ld0,user8kzwd50ld0,7155810838930146330,false
sky_the_gamer1,SKY THE GAMER,7030132946796020742,false
tantruongxwv03u,Nguyá»…n Minh NghÄ©a,7520391026688476182,false
hihi54334,Minh,7380156004649042945,false
fan.xe.ti.cheng.l,fan xe táº£i cheng long,7413573257217836049,false
thuhae36fuj7,Äáº·ng Thanh Minh,7520393140428325910,false
huongthupo0ykqi,Nguyá»…n Thanh DÆ°Æ¡ng,7520393453450101782,false
user8517492590172,LÃ² Minh Trang,7526121298469979143,false
teresabeck64,user29583447304,7525947384725292050,false
nguyn.vn.hu966,Nguyá»…n VÄƒn Háº­u,7516064810359505942,false
roseannwolfe,Há»“ VÄƒn Linh,7525862873601360904,false
user1966903103651,user19963840160,7526121298114020370,false
nguyn.kim.ngn2388,user21476813403,7520274754063402040,false
deloriawilkes1,user68058864322,7525947024312075271,false
oreliaguerrero,user70061943701,7525410301815686160,false
alogangbeppp25,user10822109274,7247305850989102086,false
gretawilburn257,gretawilburn257,7525846342486623250,false